ts_ms,equity,net_pnl
1,999.92,-0.08
2,1001.8392,1.8392
3,1001.8242,1.8242
4,1001.5742,1.5742
5,1006.55845,6.55845
