governor_decision,rows,skip_rows,row_share,skip_rate
TRADABLE_DIAGNOSTIC,3383,0,0.006506983033373533,0.0
REDUCE_SIZE_DIAGNOSTIC,8344,0,0.01604914762946165,0.0
SKIP_TOXIC_REGIME,1,1,1.9234357178165926e-06,1.0
SKIP_WIDE_SPREAD,187,187,0.0003596824792317028,1.0
SKIP_THIN_DEPTH,1017,1017,0.001956134125019475,1.0
SKIP_STALE_DATA,506826,506826,0.9748472311181124,1.0
SKIP_MARK_DISLOCATION,145,145,0.00027889817908340595,1.0
SKIP_FORCED_FLOW_AFTERSHOCK,0,0,0.0,0.0
