hour_utc,n_obs,mean_toxicity,max_toxicity
0,3707,0.5213066089552708,0.829999199807954
1,1105,0.4939361947621577,0.8232242404843828
2,3900,0.4981225451373287,0.8241277906697607
3,3900,0.5260535468683424,0.8265183644074577
4,2047,0.45653266505505047,0.8049865301005575
21,2535,0.4793239134788799,0.8126150276066256
22,3900,0.49964659210518214,0.8203568856525566
23,3900,0.494025628544013,0.8238210503854259
