hour_utc,n_obs,mean_toxicity,max_toxicity
0,3707,0.5226884751511461,0.8299450806627765
1,1105,0.4952802282620252,0.823389604851208
2,3900,0.4995114747330243,0.8242581208849503
3,3900,0.5274106767330783,0.8268584682913639
4,3900,0.5010143881889287,0.8164258744968328
5,3900,0.4980400994906253,0.8310320258786574
6,1300,0.40943986916652064,0.8267830582165776
21,2535,0.48067532899318427,0.812829594033763
22,3900,0.5011078240052871,0.820472015061212
23,3900,0.4955630705595601,0.8241359045568487
