hour_utc,n_obs,mean_toxicity,max_toxicity
21,2535,0.4034869496859531,0.7355038236617184
22,3900,0.42408722331799253,0.7406882591093118
23,975,0.4216790546385688,0.7433085919928025
